{
    "id": 484541950,
    "node_id": "R_kgDOHOGF_g",
    "name": "jana5naji",
    "full_name": "jana5naji/jana5naji",
    "private": false,
    "owner": {
      "login": "jana5naji",
      "id": 87274202,
      "node_id": "MDQ6VXNlcjg3Mjc0MjAy",
      "avatar_url": "https://avatars.githubusercontent.com/u/87274202?v=4",
      "gravatar_id": "",
      "url": "https://api.github.com/users/jana5naji",
      "html_url": "https://github.com/jana5naji",
      "followers_url": "https://api.github.com/users/jana5naji/followers",
      "following_url": "https://api.github.com/users/jana5naji/following{/other_user}",
      "gists_url": "https://api.github.com/users/jana5naji/gists{/gist_id}",
      "starred_url": "https://api.github.com/users/jana5naji/starred{/owner}{/repo}",
      "subscriptions_url": "https://api.github.com/users/jana5naji/subscriptions",
      "organizations_url": "https://api.github.com/users/jana5naji/orgs",
      "repos_url": "https://api.github.com/users/jana5naji/repos",
      "events_url": "https://api.github.com/users/jana5naji/events{/privacy}",
      "received_events_url": "https://api.github.com/users/jana5naji/received_events",
      "type": "User",
      "site_admin": false
    }
}